{"cameraMode":{"drawMode":0,"name":"Shaded","section":"Shading Mode"},"sceneLighting":true,"audioPlay":false,"sceneViewState":{"showFog":true,"showMaterialUpdate":false,"showSkybox":true,"showFlares":true,"showImageEffects":true,"showParticleSystems":true},"in2DMode":false,"pivot":{"x":-9.383262634277344,"y":10.808574676513672,"z":41.30470275878906},"rotation":{"x":0.0034550686832517387,"y":-0.28805044293403628,"z":0.001043942873366177,"w":0.957615077495575},"size":29.01021957397461,"orthographic":false}