{"cameraMode":{"drawMode":0,"name":"Shaded","section":"Shading Mode"},"sceneLighting":false,"audioPlay":false,"sceneViewState":{"showFog":true,"showMaterialUpdate":false,"showSkybox":false,"showFlares":true,"showImageEffects":true,"showParticleSystems":true},"in2DMode":false,"pivot":{"x":5.617679119110107,"y":5.637661457061768,"z":-8.817636489868164},"rotation":{"x":-0.2765762507915497,"y":0.06106517091393471,"z":-0.01761634275317192,"w":-0.9588986039161682},"size":1.5798251628875733,"orthographic":false}