{"cameraMode":{"drawMode":0,"name":"Shaded","section":"Shading Mode"},"sceneLighting":false,"audioPlay":false,"sceneViewState":{"showFog":true,"showMaterialUpdate":false,"showSkybox":false,"showFlares":true,"showImageEffects":true,"showParticleSystems":true},"in2DMode":false,"pivot":{"x":6.199999809265137,"y":5.320000171661377,"z":-5.911999702453613},"rotation":{"x":-0.2510720491409302,"y":0.01364612951874733,"z":-0.003539368510246277,"w":-0.9678800702095032},"size":0.07982516288757324,"orthographic":false}